ρ,L_pp,B,d,nabla,x_G,C_b,D_p,H_R,A_R,t_P,w_P0,m_x_dash,m_y_dash,J_z_dash,t_R,x_R_dash,a_H,x_H_dash,γ_R_minus,γ_R_plus,l_r_dash,x_P_dash,ϵ,κ,f_α,m,I_zG,η,m_x,m_y,J_z,x_H,x_R
1.025,3.5,0.57,0.16,0.146,0.0,0.738,0.12,0.13,0.01867,0.175,0.168,0.049,0.1451,0.0086,0.25,-0.5,0.5,-0.45,0.45,0.45,-0.9,-0.69,1.1,0.545,2.656,0.14964999999999998,0.11457578124999998,0.923076923076923,0.0492205,0.14575295,0.10582407499999999,-1.575,-1.75
